{"assets/image/kakao_login.png":["assets/image/kakao_login.png"],"assets/image/magnifier.png":["assets/image/magnifier.png"],"assets/image/naver_login.png":["assets/image/naver_login.png"],"assets/image/oasis_logo.png":["assets/image/oasis_logo.png"],"packages/cupertino_icons/assets/CupertinoIcons.ttf":["packages/cupertino_icons/assets/CupertinoIcons.ttf"],"packages/fluttertoast/assets/toastify.css":["packages/fluttertoast/assets/toastify.css"],"packages/fluttertoast/assets/toastify.js":["packages/fluttertoast/assets/toastify.js"]}